dataset,volume,mass,density,index
3,1.200,1.199,0.999127,0
3,1.201,1.200,0.999127,1
3,1.202,1.201,0.999127,2
3,1.203,1.202,0.999127,3
3,1.204,1.203,0.999127,4
3,1.205,1.204,0.999127,5
